step_id,description,imageUrl,recipe_id
1,"Вскрыть две банки красной фасоли в собственном соку, слить сок и промыть фасоль холодной водой. Желающие использовать не баночную, а самостоятельно сваренную фасоль должны задуматься о приготовлении этого салата еще с вечера. Сначала замочить бобы на ночь, а потом варить их на медленном огне до готовности.",https://s1.eda.ru/StaticContent/Photos/110810174633/170313204814/p_O.png,16922
2,"Готовую фасоль смешать с мелко нарубленным красным луком, зеленью, например, рукколы (которую для удобства поедания нужно предварительно изорвать руками), давленым чесноком, оливковым маслом, лимонным соком и творожным сыром.",https://s1.eda.ru/StaticContent/Photos/110810174633/170313204815/p_O.png,16922
3,"Посолить, поперчить, дать продуктам две минуты притереться друг к другу и подавать к столу вместе с бокалом Nobile di Montepulciano, если вино осталось с вечера.",https://s1.eda.ru/StaticContent/Photos/110810174633/1703132048150/p_O.png,16922
1,"В широкую миску выложить творог, добавить яйцо, сахар и муку и вилкой смешать до однородной консистенции. Если масса получилась слишком липкой, добавить еще муки, но не больше половины столовой ложки.",https://s1.eda.ru/StaticContent/Photos/140219152153/140219202302/p_O.jpg,21975
2,Посыпать стол небольшим количеством муки и выложить творожную массу. Разделить на две равные части и из каждой скатать колбаски одинаковой толщины.,https://s1.eda.ru/StaticContent/Photos/140219152153/1402192023020/p_O.jpg,21975
3,Острым ножом нарезать колбаски на небольшие одинаковые кусочки. При желании можно слегка приплюснуть затем каждый кусочек и придать ему округлую форму.,https://s1.eda.ru/StaticContent/Photos/140219152153/140219202303/p_O.jpg,21975
4,"В небольшой кастрюле довести до кипения воду. Аккуратно один за другим опустить вареники в кипящую воду. Варить, слегка помешивая шумовкой, пока все вареники не всплывут на поверхность, плюс еще минуту.",https://s1.eda.ru/StaticContent/Photos/140219152153/140219202304/p_O.jpg,21975
5,"Готовые вареники выложить из кастрюли на тарелки и полить вареньем, например абрикосовым. Подавать их можно горячими или теплыми.",https://s1.eda.ru/StaticContent/Photos/140219152153/140219202305/p_O.jpg,21975
1,Поджарить тонкие ломтики бекона до золотистой корочки.,,17380
2,"Подогреть хлеб и одну половину сэндвича намазать майонезом (можно приготовить самостоятельно), на вторую положить сыр, ломтики помидоров, бекон и латук.",,17380
3,"Тем временем на сливочном масле поджарить небольшую глазунью — такую, чтобы желток был полуготовым.",,17380
4,"Выложить глазунью на латук, закрыть другой половинкой сэндвича и подавать.",,17380
1,"Очистить авокадо от кожуры, растолочь в миске до консистенции каши.",,47806
2,"Наполнить кастрюлю водой и поставить ее нагреваться. В это же время в отдельную емкость аккуратно разбить одно яйцо. В кастрюлю с водой обязательно добавить столовую ложку уксуса и тщательно перемешать воду. Теперь необходимо создать с помощью ложки или кулинарной лопатки воронку, раскручивая воду. Как только получится воронка, резко перелить желток и белок в кастрюлю. Если вы все сделали правильно, то белок должен будет обернуть яичный желток и вам останется лишь варить яйцо в горячей, но не кипящей воде около 4–5 минут. Аккуратно достать уже готовое яйцо пашот из кастрюли и дать ему немного обсохнуть. Лишние части белка можно удалить с помощью кулинарных ножниц.",,47806
3,"Поджарить  хлеб в тостере и выложить на него растолченное авокадо, сверху положить яйцо пашот.",,47806
4,Можно посолить/поперчить по вкусу.,,47806
1,"Обжарить тортильи на масле в сковороде, положить на бумажное полотенце.",,93826
2,"Прогреть в сковороде фасоль, кукурузу, мелко нарезанный помидор и моцареллу.",,93826
3,"Посыпать чили, готовить до загустения.",,93826
4,Вмешать порубленную зелень.,,93826
5,"На 1 лепешку выложить смесь, накрыть второй сверху и прижать, чтобы сыр скрепил края.",,93826
6,Подавать с ломтиком авокадо и гуакамоле.,,93826
1,Очистить редьку и морковь при помощи овощечистки.,https://s1.eda.ru/StaticContent/Photos/d/211124175024/p_O.jpg,27040
2,Натереть морковь на терке для корейской моркови или на обычной крупной терке.,https://s1.eda.ru/StaticContent/Photos/d/211123232448/p_O.jpg,27040
3,На той же терке натереть редьку.,https://s1.eda.ru/StaticContent/Photos/d/2111232324480/p_O.jpg,27040
4,Смешать редьку с морковью и добавить сметану.,https://s1.eda.ru/StaticContent/Photos/d/2111232324481/p_O.jpg,27040
5,Посолить по вкусу и хорошо перемешать.,https://s1.eda.ru/StaticContent/Photos/d/2111232324482/p_O.jpg,27040
1,Нарезать моцареллу кубиками.,,24403
2,Порезать помидорки черри на половинки.,,24403
3,Добавить рукколу.,,24403
4,Тщательно перемешать.,,24403
5,Добавить бальзамический уксус и оливкое масло.,,24403
6,Тщательно перемешать.,,24403
7,Оставить на 10 минут.,,24403
1,"Положите весь творог в кастрюльку и разомните его вилкой так, чтобы в нем не осталось крупных комков. Разбейте в него яйца, всыпьте сахар и тщательно все перемешайте. Лучше не использовать слишком сухой или слишком влажный творог, иначе сырники будут разваливаться в процессе приготовления.",https://s1.eda.ru/StaticContent/Photos/110811142241/170314165129/p_O.png,18506
2,"Всыпьте в творог 5 столовых ложек (с горкой) муки и тщательно перемешайте. Можно добавить немного больше муки, сырники получатся тогда более плотными. Или муки можно добавить чуть меньше, и тогда сырники будут нежнее. В итоге у вас должна получиться однородная масса, из которой можно будет лепить сырники. ",https://s1.eda.ru/StaticContent/Photos/110811142241/1703141651290/p_O.png,18506
3,Поставьте сковороду на средний огонь и налейте в нее подсолнечное масло.,https://s1.eda.ru/StaticContent/Photos/110811142241/170314165130/p_O.png,18506
4,"Насыпьте на тарелку немного муки. Слепите несколько небольших шариков из получившейся творожной массы и положите их на тарелку. Лучше лепить разом 4–5 шариков — столько, сколько поместится одновременно на сковороду. Затем по очереди обкатывайте творожные шарики в муке, плющите их в небольшие лепешки (они не должны быть слишком тонкие) и выкладывайте на сковороду.",https://s1.eda.ru/StaticContent/Photos/110811142241/1703141651300/p_O.png,18506
5,Обжаривайте сырники 1–2 минуты до появления золотистой корочки. Затем переверните их на другую сторону и также обжарьте до золотистого состояния.,https://s1.eda.ru/StaticContent/Photos/110811142241/170314165131/p_O.png,18506
6,"Повторяйте, пока творог не закончится.",https://s1.eda.ru/StaticContent/Photos/110811142241/1703141651310/p_O.png,18506
1,"Смешать яйца с солью, молотым мускатным орехом и паприкой.",https://s1.eda.ru/StaticContent/Photos/150317164033/150323191640/p_O.jpg,17602
2,"Разобрать брокколи на соцветия, перец очистить от кожицы и нарезать тонкой соломкой. Лук нарезать тонкими полукольцами.",https://s1.eda.ru/StaticContent/Photos/150317164033/150323191641/p_O.jpg,17602
3,"Чеснок и петрушку мелко нарубить, смешать их с соком лимона и оливковым маслом.",https://s1.eda.ru/StaticContent/Photos/150317164033/150323191825/p_O.jpg,17602
4,"Нарезанный лук обжарить на сливочном масле до мягкости, добавить брокколи, обжаривать минуту, после чего отправить туда же перец, жарить еще минуту, добавить щепотку листьев тимьяна, через минуту петрушку с чесноком в лимонном соке и масле, а через тридцать секунд залить яйцами. ",https://s1.eda.ru/StaticContent/Photos/150317164033/150323191827/p_O.jpg,17602
5,"Когда яйца начнут застывать, отправить сковороду в разогретую до 180 градусов духовку на семь-десять минут. Подавать, посолив, поперчив и посыпав листиками тимьяна.",https://s1.eda.ru/StaticContent/Photos/150317164033/150323191828/p_O.jpg,17602
1,"Порезать овощи крупно, салат порвать на  куски.",https://s1.eda.ru/StaticContent/Photos/110811170903/170314185702/p_O.png,21742
2,"Для креветок: Довести до кипения  сильно соленую воду с красным  и черным перцем, оливковым маслом и  половинкой лимона ( сок предварительно выжать в воду).",https://s1.eda.ru/StaticContent/Photos/110811170903/1703141857020/p_O.png,21742
3,Добавить креветки. После кипения варить 5 минут.,https://s1.eda.ru/StaticContent/Photos/110811170903/170314185703/p_O.png,21742
4,Очистить креветки от панциря.,https://s1.eda.ru/StaticContent/Photos/110811170903/1703141857030/p_O.png,21742
5,Смешать овощи  и креветки.,https://s1.eda.ru/StaticContent/Photos/110811170903/170314185704/p_O.png,21742
6,Посыпать кунжутными семечками и заправить майонезом.,https://s1.eda.ru/StaticContent/Photos/110811170903/1703141857040/p_O.png,21742
1,"Огурцы тщательно очистить от кожи и нарезать крупными полукруглыми ломтиками. Сложить в глубокий салатник или широкую миску, в которой будет удобно смешивать.",https://s1.eda.ru/StaticContent/Photos/130713154821/190725203059/p_O.jpg,30893
2,"Помидоры нарезать крупными дольками. Добавить в салатник к огурцам и перемешать. Мешать при этом греческий салат лучше всего руками, подливая на каждом этапе понемногу оливкового масла.",https://s1.eda.ru/StaticContent/Photos/130713154821/190725203100/p_O.jpg,30893
3,Сладкий зеленый перец очистить от семян и перепонок и нарезать крупными кубиками. Добавить в салатник. Перемешать с другими овощами.,https://s1.eda.ru/StaticContent/Photos/130713154821/190725203101/p_O.jpg,30893
4,"Красный лук нарезать тонкими полукольцами, а затем руками разделить на тонкие лепестки. Переложить к остальным овощам, снова все перемешать.",https://s1.eda.ru/StaticContent/Photos/130713154821/190725203102/p_O.jpg,30893
5,"Добавить в салатник маслины без косточек (можно купить уже избавленные от косточек маслины, а можно очистить их самостоятельно, раздавив плоской стороной ножа каждую маслину и вынув косточку).",https://s1.eda.ru/StaticContent/Photos/130713154821/190725203103/p_O.jpg,30893
6,"Твердую фету нарезать острым ножом на прямоугольные ломтики толщиной в 1 см. Чтобы сыр не прилипал к лезвию, нож можно предварительно окунуть в теплую воду.",https://s1.eda.ru/StaticContent/Photos/130713154821/190725203104/p_O.jpg,30893
7,Еще раз перемешать овощи в салатнике и разложить по тарелкам. Сверху на каждую порцию выложить по 2 ломтика феты. Щедро полить оливковым маслом.,https://s1.eda.ru/StaticContent/Photos/130713154821/190725203105/p_O.jpg,30893
8,"Слегка посолить салат и посыпать сушеным орегано. Сверху еще раз сбрызнуть оливковым маслом и подавать немедленно, пока овощи не пустили сок.",https://s1.eda.ru/StaticContent/Photos/130713154821/190725203106/p_O.jpg,30893
1,"Нут замочить на ночь (или на 4–6 часов). После слить воду, отварить до готовности в свежей чуть подсоленной воде 60–90 минут. Аккуратно. Не переварите.",https://s1.eda.ru/StaticContent/Photos/110812141030/170314191307/p_O.png,22649
2,"Баклажаны нарезать на крупные кубики, обжарить на оливковом масле со всех сторон до румяной корочки, посолить и тушить до мягкости/готовности. Остудить.",https://s1.eda.ru/StaticContent/Photos/110812141030/1703141913070/p_O.png,22649
3,"Кинзу, петрушку и чеснок измельчить, добавить паприку, зиру, оливковое масло, уксус и лимонный сок.",https://s1.eda.ru/StaticContent/Photos/110812141030/170314191308/p_O.png,22649
4,"Нут, баклажаны и заправку смешать, посолить. Дать настояться в холодильнике часа 2.",https://s1.eda.ru/StaticContent/Photos/110812141030/170314191309/p_O.png,22649
1,"Растопить в глубокой сковороде сливочное масло (80 г) и обжарить на нем мелко нарубленный лук. Лук должен стать совершенно мягким и полупрозрачным. Всыпать рис и обжаривать его несколько минут, постоянно помешивая. Добавить мелко нарубленный чеснок, перемешать, потомить вместе с рисом, маслом и луком; как только чеснок практически растворится в массе риса и лука и начнет издавать свой характернейший из запахов, влить в сковороду сухой херес, перемешать с рисом и овощами и, убрав до минимума огонь, выпаривать алкоголь, постоянно помешивая. ",https://s1.eda.ru/StaticContent/Photos/170210144850/170306153843/p_O.jpg,15911
2,"Как только о присутствии хереса станет напоминать исключительно его аромат, влить в сковороду треть бульона, перемешать содержимое сковороды, чтобы бульон проник во все самые тайные норки, и варить рис на медленном огне, доливая бульон по мере его выкипания. ",https://s1.eda.ru/StaticContent/Photos/170210144850/170306153844/p_O.jpg,15911
3,На оставшемся сливочном масле обжарить мелко нарезанные и очищенные от семечек и прочих внутренних излишеств перцы. Перцы должны стать мягкими и начать пахнуть жареным. ,https://s1.eda.ru/StaticContent/Photos/170210144850/170306153845/p_O.jpg,15911
4,"Всыпать перцы в сковороду с полуготовым ризотто, посолить, поперчить, перемешать, долить бульон и продолжать ту же канитель с варкой — помешивать, доливать бульон.",https://s1.eda.ru/StaticContent/Photos/170210144850/170306153846/p_O.jpg,15911
5,"Когда рис будет практически готов, вмешать в него сливки. Выключить огонь и еще примерно минуту помешивать содержимое сковороды, чтобы добиться кремовой консистенции ризотто. ",https://s1.eda.ru/StaticContent/Photos/170210144850/170306153847/p_O.jpg,15911
6,"Подавать, посыпав листочками тимьяна.",https://s1.eda.ru/StaticContent/Photos/170210144850/170306153849/p_O.jpg,15911
1,"Помидоры среднего размера нарезать кольцами толщиной около сантиметра. Разогреть сковороду, влить чуть-чуть оливкового масла и обжарить ломтики томатов до появления корочки, а затем снять с огня.",https://s1.eda.ru/StaticContent/Photos/120131082227/170417073330/p_O.jpg,31055
2,"Смешать натуральный йогурт с 50 мл оливкового масла. Зубчик чеснока раздавить ножом, разобрать на волокна и мелко нарезать. Добавить нарубленный чеснок к йогурту с маслом, посолить и поперчить по вкусу.",https://s1.eda.ru/StaticContent/Photos/120131082227/170417073331/p_O.jpg,31055
3,"Заправить получившимся соусом смесь салатных листьев, украсить кольцами обжаренных томатов и подавать, когда они чуть остынут — или еще горячими, это уже дело вкуса.",https://s1.eda.ru/StaticContent/Photos/120131082227/1704170733310/p_O.jpg,31055
1,"Кабачки очистить от семечек и поролоновых внутренностей (если вы используете цукини, эту хирургическую операцию можно не проводить), нарезать крупными кусками (3–4 см). Лук мелко нарубить. А помидоры нарезать примерно вдвое меньшими кусочками по срав­нению с кабачками.",,15671
2,Разогреть в глубоком сотейнике смесь растительного и оливкового масла и обжарить лук до мягкости.,,15671
3,"Всыпать в сотейник с луком кабачки и, помешивая, дождаться того момента, когда они пустят сок. Тогда добавить к ним в компанию помидоры, перемешать. Тушить на быстром огне минуты 2–3. Уменьшить огонь, всыпать в сотейник сахар, добавить душистый перец и лавровый лист. Тушить еще 3 минуты. Потом посолить. Перемешать, стараясь не превратить содержимое сотейника в кабачковую икру или кашу. Тушить еще 2 минуты.",,15671
4,"Тем временем мелко нарубить петрушку, очистить чеснок. Заправить рагу давленым чесноком и петрушкой, приправить молотым перцем, перемешать и сразу снять с огня. Подавать с холодной жирной сметаной. Лавровый лист и душистый перец, чтобы потом не попадали в тарелку, можно класть в рагу, запаковав в мешочек из марли.",,15671
1,"Печень промыть. Если есть время вымочить в молоке минут 20, будет еще нежнее. Если времени нет, то можно и не вымачивать. Обрезать прожилки. Порезать на небольшие кусочки.",https://s1.eda.ru/StaticContent/Photos/130822102925/190819151712/p_O.jpg,31593
2,Обжарить до золотистого цвета мелко порубленный репчатый лук на сливочном масле.,https://s1.eda.ru/StaticContent/Photos/130822102925/190819151713/p_O.jpg,31593
3,"Добавить печень. Обжаривать минут 5–7, пока не пропадет красный цвет. Посолить, поперчить.",https://s1.eda.ru/StaticContent/Photos/130822102925/190819151714/p_O.jpg,31593
4,Залить сметаной. Тушить на среднем огне минут 10.,https://s1.eda.ru/StaticContent/Photos/130829212936/190819151715/p_O.jpg,31593
1,Куриные бедра нарубить на куски помельче и обжарить в глубокой сковороде на оливковом масле до полуготовности.,https://s1.eda.ru/StaticContent/Photos/170210144850/170306161522/p_O.jpg,17276
2,"Лук мелко нарубить и обжарить вместе с курицей. Когда лук станет мягким, добавить мелко нарезанный чеснок и рис. Жарить все это в течение двух-трех минут. После чего всыпать в сковороду мелко нарезанные перец и помидоры. Перемешать и тушить еще минуту-другую, помешивая, чтобы содержимое сковороды не подгорало.",https://s1.eda.ru/StaticContent/Photos/170210144850/170306161523/p_O.jpg,17276
3,"Параллельно надо разогреть куриный бульон и развести в нем щепотку шафрана. Этим самым бульоном залить рис с овощами и курицей, посолить, поперчить и бросить туда же несколько горошин черного перца и варить ­десять минут на небольшом огне. Бульон может выкипать интенсивнее, чем вы планировали, его недостаток можно восполнять дополнительными инъекциями куриного бульона, воды или белым сухим вином.",https://s1.eda.ru/StaticContent/Photos/170210144850/170306161524/p_O.jpg,17276
4,"Дальше в рис нужно добавить горошек, перемешать, выложить сверху креветки, полить лимонным соком, посыпать рубленой петрушкой и за три-четыре минуты довести паэлью до готовности на том же медленном огне, накрыв крышкой.",https://s1.eda.ru/StaticContent/Photos/170210144850/170306161525/p_O.jpg,17276
5,Подавать с розовым каталонским или валенсийским вином. Очень холодным.,,17276
1,"Муку смешать с солью, влить четверть стакана теплой воды и перемешать. Влить оставшуюся воду, постоянно помешивая. Замесить крутое тесто.",https://s1.eda.ru/StaticContent/Photos/150506002001/150512183046/p_O.png,50481
2,Измельчить зелень и перемешать со 100 граммами растопленного масла.,https://s1.eda.ru/StaticContent/Photos/150506002001/150512183047/p_O.png,50481
3,"Тесто разделить на четыре равные части, каждую из которых раскатать в тонкий блин — толщиной около 1 миллиметра.",https://s1.eda.ru/StaticContent/Photos/150506002001/150512183048/p_O.png,50481
4,"Выложить начинку на половину раскатанного теста, накрыть второй половиной и запечатать края с помощью вилки. Важно добиться того, чтобы внутри осталось как можно меньше воздуха.",https://s1.eda.ru/StaticContent/Photos/150506002001/150512183049/p_O.png,50481
5,"Выложить кутабы на разогретую сухую сковороду, обжаривать по 2–3 минуты с каждой стороны на медленном огне. Смазать готовые кутабы сливочным маслом.",https://s1.eda.ru/StaticContent/Photos/150506002001/150512183051/p_O.png,50481
1,"Мелко нарезать лук, помидоры и болгарский перец, добавить кукурузу (по желанию), обжарить все на небольшом количестве масла, переложить в миску, по желанию, можно добавить мелконарезанный укроп (для свежести).",https://s1.eda.ru/StaticContent/Photos/170225172301/200120100259/p_O.png,39152
2,"Куриное филе нарезать тонкими брусочками (не более 1 см толщиной) и обжарить в оливковом масле на сильном огне в течение 2–3 минут, помешивая. Добавить томатную пасту, соль и перец, перемешать, подержать на огне еще 1 минуту и переложить мясо к овощам.",https://s1.eda.ru/StaticContent/Photos/170225172301/200120100300/p_O.png,39152
3,"Сыр чеддер натереть на крупной терке (также это может быть пармезан, гауда или другой твердый/полутвердый сыр).",https://s1.eda.ru/StaticContent/Photos/170225172301/200120100301/p_O.png,39152
4,"В тортилью на половину посыпать сыр, затем выложить начинку, сверху — еще слой сыра, накрыть второй половиной тортильи, разрезать пополам (как на картинке) и обжарить на сковороде или гриле в течение 2–3 минут  одной стороны, затем аккуратно перевернуть и поджарить с другой стороны еще 1–2 минуты.",https://s1.eda.ru/StaticContent/Photos/170225172301/200120100302/p_O.png,39152
1,"Свежее манго очистить от кожи, вырезать косточку, а мякоть нарезать небольшими кубиками. На тарелки выложить по две-три горсти свежих салатных листьев, а сверху на них — кубики манго.",https://s1.eda.ru/StaticContent/Photos/140124100744/140131130011/p_O.jpg,23847
2,"Приготовить заправку. Для этого взбить в небольшой миске вилкой дижонскую горчицу, потихоньку вливая оливковое масло. Добавить к этой смеси мед и следом обычную острую горчицу. Хорошо размешать.",https://s1.eda.ru/StaticContent/Photos/140124100744/140131130012/p_O.jpg,23847
3,На небольшой сковороде разогреть растительное масло и быстро обжарить на нем кусочки куриной печени со всех сторон до появления яркой румяной корочки. Посолить и поперчить по вкусу.,https://s1.eda.ru/StaticContent/Photos/140124100744/140131130013/p_O.jpg,23847
4,Готовые кусочки печени аккуратно разложить по тарелкам и щедро полить салат сверху горчично-медовые заправкой — по семь-восемь столовых ложек соуса на порцию.,https://s1.eda.ru/StaticContent/Photos/140124100744/140131130014/p_O.jpg,23847
5,"Подавать салат сразу, пока куриная печень не остыла, а зеленые листья не сникли. При желании каждую порцию салата можно дополнительно посыпать свежемолотым черным перцем.",https://s1.eda.ru/StaticContent/Photos/140124100744/1401311300140/p_O.jpg,23847
1,Срежьте кочерыжку и старые листья с капусты. Тонко нашинкуйте и переложите в большую миску. ,https://s1.eda.ru/StaticContent/Photos/110811170903/170314171856/p_O.png,19416
2,"На терке натрите морковь и редьку и смешайте с капустой. Добавьте мелко нарезанный перец, зеленый лук и петрушку.",https://s1.eda.ru/StaticContent/Photos/110811170903/1703141718560/p_O.png,19416
3,"Перед подачей заправьте майонезом, посыпьте солью и хорошо перемешайте.",https://s1.eda.ru/StaticContent/Photos/110811170903/170314171857/p_O.png,19416
1,Картошку очистить и нарезать тонкими круглыми ломтиками.,https://s1.eda.ru/StaticContent/Photos/151124224236/151203165737/p_O.jpg,16911
2,"Лук нарезать полукольцами и в глубокой сковороде на смеси растительного и сливочного масла обжарить до мягкости, потом добавить в ту же сковороду картошку и жарить овощи до тех пор, пока картошка не станет мягкой, но еще до конца не приготовится.",https://s1.eda.ru/StaticContent/Photos/151124224236/151203165739/p_O.jpg,16911
3,"В глубокой миске взбить яйца с солью и перцем. Пересыпать из сковороды в миску полуготовую картошку с луком и перемешать овощи с яйцами и, предварительно нарезанной кинзой.",https://s1.eda.ru/StaticContent/Photos/151124224236/151203165740/p_O.jpg,16911
4,"Вывалить содержимое миски обратно в сковороду и поставить ее на плиту на пять минут. За это время разогреть духовку до 180 градусов и переместить сковороду туда. Дать тортилье три-четыре минуты, чтобы подрумянилась.",https://s1.eda.ru/StaticContent/Photos/151124224236/151203165741/p_O.jpg,16911
5,"Достать из духовки, нарезать ломтями и подавать с белым хлебом, смазанным оливковым маслом и давленым чесноком.",https://s1.eda.ru/StaticContent/Photos/151124224236/151203165743/p_O.jpg,16911
1,"Нарезать мелко луковицу, четыре зубчика чеснока и один острый перец чили. На оливковом масле обжарить лук, чеснок и чили. Можно кинуть щепотку сахара, чтобы карамелизовать овощи и дать сладкую оттяжку помидорам, которые появятся впоследствии в соусе. Добавить шепотку орегано, чуть-чуть кумина и жарить лук с чесноком и перцем до тех пор, пока они не начнут плакать или, как говорят французы,— потеть. Зажаривать сильно не нужно, давать карамельного цвета — тоже.",https://s1.eda.ru/StaticContent/Photos/160608133558/160616142633/p_O.jpg,69608
2,"Теперь надо вывалить банку протертых консервированных помидоров и обжаривать их вместе с луком и прочим, помешивая, примерно минуту. Долить воды или томатного соуса, чтобы сделать соус достаточно жидким и тушить минуту-другую. ",https://s1.eda.ru/StaticContent/Photos/160608133558/160616142638/p_O.jpg,69608
3,"Добавить соль, черный или белый молотый перец и петрушку. Аккуратно разбить в соус яйца, так, чтобы они не растеклись, а лежали — каждое в своей лунке. Добавить кусочки феты или другого мягкого солоноватого сыра. Огонь под сковородкой можно убрать до минимума. А потом и вовсе отправить сковородку в духовку на три минуты. Или накрыть крышкой. Яйца должны сохранить достаточно жидкий желток.",https://s1.eda.ru/StaticContent/Photos/160608133558/160616142642/p_O.jpg,69608
4,В конце необходимо посыпать яичницу рубленой петрушкой и кинзой. И подавать с лепешкой питой или белым хлебом. ,https://s1.eda.ru/StaticContent/Photos/160608133558/160616142646/p_O.jpg,69608
5,"В качестве идеального завтрака, обеда и ужина идеально подавать вместе с кофе.",https://s1.eda.ru/StaticContent/Photos/150506002001/160627120128/p_O.jpg,69608
1,Чеснок и лук мелко порезать. Масло растопить. Обжарить лук и чеснок 1-2 минуты.,https://s1.eda.ru/StaticContent/Photos/140321134811/200927220420/p_O.jpg,55603
2,Добавить очищенные креветки. Готовить 2–3 минуты.,https://s1.eda.ru/StaticContent/Photos/140321134811/200925232839/p_O.jpg,55603
3,"Приправить солью и перцем. Влить сливки, довести до кипения.",https://s1.eda.ru/StaticContent/Photos/140321134811/200925232840/p_O.jpg,55603
4,Добавить петрушку и выключить.,https://s1.eda.ru/StaticContent/Photos/140321134811/200925232842/p_O.jpg,55603
5,"Пасту отварить согласно инструкции на упаковке. Смешать с соусом. Подавать в теплом виде.
",https://s1.eda.ru/StaticContent/Photos/140321134811/200925232844/p_O.jpg,55603
1,"Говяжье филе нарезать тонкими ломтиками. Имбирь мелко нарубить, а лук нарезать тонкими полукольцами. Брокколи разобрать на соцветия и отварить в течение трех минут в кипящей воде. Охладить, чтобы соцветия не потеряли зеленый цвет.",https://s1.eda.ru/StaticContent/Photos/110816122017/170315174804/p_O.png,36638
2,Раскалить сковородку вок с растительным маслом и быстро обжарить в ней нарезанное ломтиками мясо до бронзовой корочки.,https://s1.eda.ru/StaticContent/Photos/110816122017/170315174805/p_O.png,36638
3,"Добавить в сковороду лук и имбирь, а через минуту — устричный соус и брокколи. Жарить еще минуту-две, постоянно помешивая. Снять с огня и заправить соком лимона и мелко нарубленной кинзой.",https://s1.eda.ru/StaticContent/Photos/110816122017/1703151748050/p_O.png,36638
1,"Листья шпината промыть, избавить от стеблей, если они слишком грубые, а потом мелко нарезать. Листья петрушки и кинзы обобрать от стеблей и тоже нарезать. Точно так же надо поступить с листьями мяты, зеленый лук можно избавить от белых частей и тоже нарубить. Шпината должно быть примерно втрое больше остальной зелени.",https://s1.eda.ru/StaticContent/Photos/150420184224/150424171808/p_O.jpg,50260
2,"Взять щепотку листьев тимьяна и смешать с йогуртом и слегка взбитыми яйцами. Посолить, поперчить смесь и добавить в нее всю нарезанную зелень.",https://s1.eda.ru/StaticContent/Photos/150420184224/150424171809/p_O.jpg,50260
3,Помидоры черри (опциональный шаг) сбрызнуть оливковым маслом и поставить на 20 минут в духовку.,https://s1.eda.ru/StaticContent/Photos/150420184224/150424171810/p_O.jpg,50260
4,"В глубокой сковородке слегка припустить мелко нарубленный чеснок на топленом сливочном масле. Влить в ту же сковородку смесь яиц, йогурта и зелени и поставить в духовку (180 градусов) примерно на 15–20 минут.",https://s1.eda.ru/StaticContent/Photos/150420184224/150424171811/p_O.jpg,50260
5,"Готовый зеленый омлет кюкю украсить печеными помидорами и подавать. Помидоры, кстати, можно вмешать в смесь зелени еще до запекания, но тогда они нарушат цветовую гегемонию кюкю.",https://s1.eda.ru/StaticContent/Photos/150420184224/150424171812/p_O.jpg,50260
1,"Куриную грудку надрезать вдоль и развернуть как книгу. Посолить поперчить, посыпать острым перцем, сбрызнуть растительным маслом, накрыть пленкой и дать помариноваться 10-15 минут. Обжарить на раскаленной сковороде по 2 минуты с каждой стороны. Затем переложить и дать остыть.",https://s1.eda.ru/StaticContent/Photos/120131082454/170512133928/p_O.jpg,92551
2,"Нарезать красный лук крупными дольками, сладкий перец, чили и помидоры нарезать кусками такого же размера. Чеснок нарезать мелко.",https://s1.eda.ru/StaticContent/Photos/120131082454/170512133929/p_O.jpg,92551
3,"На ту же сковороду добавить масло, и на сильном огне обжарить сначала сладкий перец, затем добавить к нему лук, чили и чеснок. Ближе к концу добавить помидоры. Овощи должны получиться с румяными зажаренными боками, но при этом оставаться хрустящими.",https://s1.eda.ru/StaticContent/Photos/120131082509/170512133929/p_O.jpg,92551
4,"Курицу нарезать крупными кусками, кинзу тоже не очень мелко. Добавить их к обжаренным овощам, посолить, поперчить, добавить сахар и полить соком лайма.",https://s1.eda.ru/StaticContent/Photos/120131082509/1705121339290/p_O.jpg,92551
5,"На сухой сковороде подогреть тортилью с обеих сторон, положить тертый сыр и начинку, сложить пополам и отправить в духовку, разогретую до 200 градусов на режиме гриля. Подпекать тортилью нужно 4-5 минут, тортильи должны стать золотистыми и хрустящими. Подавать со сметаной.",https://s1.eda.ru/StaticContent/Photos/120131082509/170512133930/p_O.jpg,92551
1,Отварить говядину в подсоленной воде. Отдельно сварить картошку и морковь.,https://s1.eda.ru/StaticContent/Photos/120505175012/181206155634/p_O.jpg,54990
2,Нарезать мясо и овощи мелким кубиком. Для красоты и гармонии ингредиенты нужно нарезать кубиками одного размера.,https://s1.eda.ru/StaticContent/Photos/120505175012/181206155636/p_O.jpg,54990
3,"Перемешать все подготовленные ингредиенты силиконовой лопаткой, чтобы не разрушить их форму. ",https://s1.eda.ru/StaticContent/Photos/120505175012/181206155637/p_O.jpg,54990
4,"Добавить майонез, посолить и поперчить по вкусу. Горошек добавить в самом конце, перед подачей, иначе в салате он может потерять форму.  При подаче посыпать мелко нашинкованным зеленым луком. ",https://s1.eda.ru/StaticContent/Photos/120505175012/181206155638/p_O.jpg,54990
1,Тщательно взбить яйца с молоком — лучше обыкновенной вилкой.,,18154
2,"Растопить на сковороде сливочное масло. Сковорода должна быть достаточно разогрета, иначе омлет не получится воздушным.",,18154
3,"Как только масло перестанет пениться, добавить яйца с молоком, покрыв все дно. Нужно немедленно поднять ту часть омлета, которая прихватилась, чтобы яичная смесь под нее затекла. Повторить так несколько раз, слегка покачивая сковороду, чтобы омлет быстрее прихватился со всех сторон.",,18154
4,За минуту до полной готовности распределить тертый сыр по одной половине омлета и готовить еще 20 секунд.,,18154
5,"При помощи лопатки завернуть омлет, накрыв сырную половинку другой. Выключить огонь и оставить готовиться еще секунд на 30.",,18154
1,"На растительном масле обжарить измельченный лук до прозрачности, затем добавить мелко нарезанную курицу, посолить и жарить несколько минут, до готовности курицы.",https://s1.eda.ru/StaticContent/Photos/120213182322/180620103316/p_O.jpg,124983
2,"Добавить рис, хорошо перемешать, разбивая комочки, затем добавить горошек, кетчуп и соевый соус, перемешать и снять с огня.",https://s1.eda.ru/StaticContent/Photos/120213182322/180620103317/p_O.jpg,124983
3,"Слегка взбить два яйца со столовой ложкой сливок и щепоткой соли. Вылить яйца на разогретый вок или глубокую сковородку. Пока яйца не схватились, помешать их лопаткой или палочками, как это делают в Японии, чтобы придать омлету воздушную текстуру.",https://s1.eda.ru/StaticContent/Photos/120213182322/180620103318/p_O.jpg,124983
4,"Когда внизу омлет уже приготовился, а на поверхности еще остается сыроватым, выключить огонь и выложить на омлет половину жареного риса. Сложить края омлета на рис как бы заворачивая начинку в омлет. Аккуратно переложить омлет с рисом на тарелку, перевернув сковороду.  Подавать с кетчупом, украсив петрушкой.",https://s1.eda.ru/StaticContent/Photos/120213182322/180620103319/p_O.jpg,124983
1,"Нарезать бекон мелкими кубиками, точно так же поступить с репчатым луком.",https://s1.eda.ru/StaticContent/Photos/110816122017/170315172138/p_O.png,33818
2,"Кубиками покрупнее нарезать стебель и корень сельдерея, морковь, картошку и репу. Все корнеплоды надо, разумеется, очистить от кожицы.",https://s1.eda.ru/StaticContent/Photos/110816122017/170315172140/p_O.png,33818
3,"На оливковом масле обжарить бекон до золотистого цвета, после чего отправить к нему лук, кусочки моркови и стебля сельдерея и жарить, помеши­вая, три-четыре минуты.",https://s1.eda.ru/StaticContent/Photos/110816122017/170315172141/p_O.png,33818
4,"Добавить остальные корнеплоды, перемешать и жарить еще две-три минуты, чтобы овощи пропитались ароматами бекона и друг друга.",https://s1.eda.ru/StaticContent/Photos/110816122017/1703151721410/p_O.png,33818
5,"Залить обжаренные овощи 3 л воды (можно чуть больше — часть бульона хорошо отлить потом, чтобы использовать в соусе для следующего блюда), заправить солью, лавровым листом и перцем и варить примерно пятнадцать минут.",https://s1.eda.ru/StaticContent/Photos/110816122017/170315172142/p_O.png,33818
6,"Снять суп с огня, заправить по вкусу петрушкой (но можно и не заправлять, у супа и так богатый овощной вкус).",https://s1.eda.ru/StaticContent/Photos/110816122017/1703151721420/p_O.png,33818
7,Разлить суп из корнеплодов по тарелкам и посыпать крупно натертым пармезаном.,https://s1.eda.ru/StaticContent/Photos/110816122017/170315172143/p_O.png,33818
1,Нарезать индейку на небольшие кусочки и положить ее мариноваться в оливковом масле с соевым соусом.,,35274
2,"Нарезать яблоко кубиками, а лук — тонкими кольцами. Обжарить лук в подсолнечном масле, помешивая, до золотистого цвета.",,35274
3,"Добавить к луку индейку вместе с маринадом и жарить на сильном огне несколько минут, постоянно помешивая.",,35274
4,"Убавить огонь, добавить яблоко, посолить, поперчить, накрыть крышкой и оставить тушиться еще минут на 7–10.",,35274
5,В качестве гарнира очень хорошо подойдет гречневая лапша или рис.,,35274
1,"На мелкой терке натереть имбирь и лук, чеснок раздавить чеснокодавкой. Смешать соевый соус, сахар, саке, имбирь, чеснок и лук.",https://s1.eda.ru/StaticContent/Photos/120214134655/180927184219/p_O.jpg,125574
2,"Нарезать филе крупными кусками и положить в маринад, оставить на 30 минут.",https://s1.eda.ru/StaticContent/Photos/120214134655/180927184221/p_O.jpg,125574
3,На сковороде разогреть растительное масло и обжарить куски курицы со всех сторон до карамельной корочки. Отложить.,https://s1.eda.ru/StaticContent/Photos/120214134655/180927184223/p_O.jpg,125574
4,"В ту же сковородку вылить маринад, уварить его в течение 3–4 минут. Вернуть курицу в сковороду и готовить, помешивая, еще пару минут, мясо должно покрыться соусом, как глазурью. Подавать, украсив семенами кунжута и зеленым луком.",https://s1.eda.ru/StaticContent/Photos/120214134655/180927184225/p_O.jpg,125574
1,"Смешайте в миксере бананы, яйца, молоко и сахар вплоть до образования однородной массы. Вмешайте туда же муку и быстро перемешайте, но не до однородного состояния.",,15230
2,"Ложкой выкладывайте полученную массу на горячую сковороду с маслом. Обжаривайте с обеих сторон, пока оладьи не станут коричневыми.",,15230
1,Поставить вариться 4–5 средних картофелин.,,34385
2,"Лук и грибы очистить. Лук мелко нарезать, грибы нарезать дольками. Обжарить лук на сливочном масле до прозрачности, потом добавить грибы. Жарить до готовности грибов, постоянно помешивая, чтобы не пригорело.",,34385
3,"Когда картошка сварится, слить воду, но можно, на всякий случай, оставить стакан воды, в которой варилась картошка. Добавить грибы с луком в картофель, добавить сливки, соль, перец и измельчить блендером. Если вам кажется, что суп густоват, добавить ту самую воду.",,34385
4,Подавать с гренками.,,34385
1,Курицу нарезать тонкими ломтиками и замариновать в соке лайма с солью и перцем в течение 5–10 минут. Обжарить на растительном масле до золотистого цвета.,https://s1.eda.ru/StaticContent/Photos/120131112204/180314132436/p_O.jpg,124925
2,"Апельсин очистить ножом, срезая все белые части, затем вырезать дольки, избегая пленок. Лук нарезать толстой соломкой, авокадо разрезать пополам, извлечь косточку, при помощи ложки избавить половинки авокадо от кожи и нарезать дольками.",https://s1.eda.ru/StaticContent/Photos/120131112204/180314132437/p_O.jpg,124925
3,"Смешать сок лайма с измельченной мятой, 60 мл масла, сахаром, солью и перцем при помощи венчика.",https://s1.eda.ru/StaticContent/Photos/120131112204/1803141324370/p_O.jpg,124925
4,"Смешать романо, курицу, авокадо и филе апельсина с лаймовой заправкой и тут же подавать.",https://s1.eda.ru/StaticContent/Photos/120131112204/1803141324371/p_O.jpg,124925
1,"Тунца вместе с соком выложить в миску и размять руками. Посыпать розовым маврикийским перцем (он такой же ароматный, как черный, но менее жгучий), добавить каперсы и перемешать. Выложить тертый эмменталь (или другой сыр по вкусу — эдам, например, или гауду) и снова перемешать.",,29868
2,"Разогреть сковороду на среднем огне и слегка подсушить хлеб с обеих сторон. Затем слегка промазать все куски с одной стороны сливочным маслом, выложить тунцово-сырную смесь, соединить половины сэндвичей — и снова отправить на сковородку. Там они должны провести пару минут под крышкой — идея в том, чтобы сыр расплавился и схватил рыбную массу.",,29868
3,Готовые сэндвичи разрезать по диагонали и украсить кружками огурца.,,29868
1,"Сварить куриную грудку с лавровым листом и несколькими горошинами перца. Готовую курицу достать из бульона, бульон сохранить.",https://s1.eda.ru/StaticContent/Photos/170224233526/210628170234/p_O.jpg,41548
2,Яйца сварить в кипящей воде в течение 10 минут. Затем залить их холодной водой.,https://s1.eda.ru/StaticContent/Photos/170224233526/210628170238/p_O.jpg,41548
3,Очистить вареные яйца и натереть их на крупной терке.,https://s1.eda.ru/StaticContent/Photos/170224233526/210628170241/p_O.jpg,41548
4,"Нарезать грудку, огурцы, чернослив толстой соломкой.",https://s1.eda.ru/StaticContent/Photos/170224233526/210628170245/p_O.jpg,41548
5,Разбавить майонез куриным бульоном и перемешать до однородной консистенции.,https://s1.eda.ru/StaticContent/Photos/170224233526/210628170249/p_O.jpg,41548
6,Смешать все подготовленные продукты и посолить салат по вкусу.,https://s1.eda.ru/StaticContent/Photos/170224233526/210628170253/p_O.jpg,41548
1,"Спагетти: наполнить кастрюлю водой, поставить на огонь. Помните золотую пропорцию для отваривания спагетти: 1000 мл воды/100 грамм спагетти/10 грамм соли.",,33485
2,"Фрикадельки: лук мелко порубить, смешать с мясом, солью и перцем, добавить яйцо, скатать в шарики, обвалять в муке.",,33485
3,"На сковороду налить подсолнечное масло, слегка обжарить фрикадельки, добавить помидоры, потушить. Томатную пасту развести с водой, добавить к остальным ингредиентам. Добавить специи: перец, соль, смесь итальянских трав (можно положить свежий базилик). В соус можно добавить еще что-нибудь, например, я добавляю перец. ",,33485
4,"Спагетти отварить до готовности, слить воду, добавить капельку оливкового или сливочного масла (это кто как любит), слегка посолить. ",,33485
5,Подавать смешанными в глубокой тарелке.,,33485
1,"Сначала приготовить соус, чтобы он настоялся и хорошо пропитался. Для этого смешать сметану, мелко нарезанную петрушку, пропущенный через пресс чеснок, соль, перец и специи.",https://s1.eda.ru/StaticContent/Photos/170223141144/210830165854/p_O.jpg,41324
2,"Куриное филе разрезать пополам вдоль, посолить и поперчить, посыпать смесью специй, сбрызнуть оливковым маслом, растереть и оставить мариноваться на 10 минут.",https://s1.eda.ru/StaticContent/Photos/170223141144/210830165859/p_O.jpg,41324
3,Обжарить филе на растительном масле с двух сторон до золотистой корочки.,https://s1.eda.ru/StaticContent/Photos/170223141144/210830165903/p_O.jpg,41324
4,Красный лук нарезать тонкой соломкой.,https://s1.eda.ru/StaticContent/Photos/170223141144/210830165908/p_O.jpg,41324
5,Замариновать лук с солью и сахаром в винном уксусе.,https://s1.eda.ru/StaticContent/Photos/170223141144/210830165912/p_O.jpg,41324
6,Нарезать овощи соломкой.,https://s1.eda.ru/StaticContent/Photos/170223141144/210830165916/p_O.jpg,41324
7,"Разложить лаваш, намазать его соусом и сверху выложить овощи.",https://s1.eda.ru/StaticContent/Photos/170223141144/210830165920/p_O.jpg,41324
8,Куриную грудку нарезать ломтиками и выложить на овощи.,https://s1.eda.ru/StaticContent/Photos/170223141144/210830165925/p_O.jpg,41324
9,Аккуратно свернуть плотно лаваш в трубочку и обжарить на раскаленной сковороде-гриль. Сразу же подавать.,https://s1.eda.ru/StaticContent/Photos/170223141144/210830165929/p_O.jpg,41324
1,"Моцареллу и лайм разрезать пополам, черри - на четвертинки.",https://s1.eda.ru/StaticContent/Photos/161125164152/161206124743/p_O.png,91363
2,"Оливковое масло смешать с соком лайма, солью и перцем. Отдельно соевый соус смешать с соком лайма.",https://s1.eda.ru/StaticContent/Photos/161125164152/161206124744/p_O.png,91363
3,"Тунец обвалять в кунжуте, поперчить, посолить и обжарить на оливковом масле на раскаленной сковороде с каждой стороны по 30 секунд. Тунец нарезать тонкими ломтиками. ",https://s1.eda.ru/StaticContent/Photos/161125164152/161206124745/p_O.png,91363
4,"В отдельной чаше смешать помидоры и моцареллу, посолить по вкусу. Добавить Микс Тоскана. Полить оливковым маслом с соком лимона.",https://s1.eda.ru/StaticContent/Photos/161125164152/161206124747/p_O.png,91363
5,"На тарелку выложить ломтики тунца по кругу, полить соевым соусом с лаймом. В середину через кулинарное кольцо выложить салат с черри и моцареллой и посыпать луком фри. Украсить листьями кинзы.",https://s1.eda.ru/StaticContent/Photos/161125164152/161206190838/p_O.png,91363
1,"Залить в сотейник примерно полторы бутылки темного пива. Поставить на средний огонь. Как только появятся первые пузырьки, снять сотейник с огня. Главное — не доводить до кипения.",https://s1.eda.ru/StaticContent/Photos/140220200817/151228175342/p_O.jpg,55953
2,"Добавить специи: кардамон, имбирь, корицу, мускатный орех, гвоздику и мед. ",https://s1.eda.ru/StaticContent/Photos/140227144100/151228175344/p_O.jpg,55953
3,Добавить цедру лимона и снова поставить сотейник на огонь. Украсить палочкой корицы и апельсиновыми кольцами.,https://s1.eda.ru/StaticContent/Photos/140310151157/151228175345/p_O.jpg,55953
1,В подсоленной кипящей воде отварить пасту. ,,23565
2,Параллельно в 1 столовой ложке оливкового масла слегка обжарить чеснок и нарезанные кружочками маслины.,,23565
3,"Свежие помидоры нарезать кубиками и добавить к чесноку и маслинам. Готовить помидоры не нужно, они должны только прогреться.",,23565
4,Соус слегка посолить и поперчить.,,23565
5,Слить воду и соединить пасту с соусом. ,,23565
6,Выложить пасту в тарелку и слегка полить оливковым маслом. ,,23565
1,Нарезать лук мелким кубиком или измельчить его в блендере.,https://s1.eda.ru/StaticContent/Photos/170304220918/210326215830/p_O.jpg,40851
2,"Вымешать фарш, добавив лук, а также перец и соль по вкусу.",https://s1.eda.ru/StaticContent/Photos/170304220918/210326215833/p_O.jpg,40851
3,Добавить в массу одно сырое яйцо. Разделить на 4 равные части.,https://s1.eda.ru/StaticContent/Photos/170304220918/210326215836/p_O.jpg,40851
4,"Разбить одно яйцо в миску, слегка взбить его. Перелить на плоскую тарелку.",https://s1.eda.ru/StaticContent/Photos/170304220918/210326215839/p_O.jpg,40851
5,"Одну часть фарша тонко раскатать на доске, посыпанной мукой, по диаметру сковороды, в которой будет готовиться бризоль. Совет!  Фарш можно раскатать и между пищевой пленкой — так он не липнет к скалке и его удобнее переносить в тарелку.",https://s1.eda.ru/StaticContent/Photos/170304220918/210326215841/p_O.jpg,40851
6,В сковороде разогреть пару столовых ложек растительного масла.,https://s1.eda.ru/StaticContent/Photos/170304220918/210326215844/p_O.jpg,40851
7,"Лепешку из фарша перенести на тарелку с яйцом, выложить аккуратно поверх него. Затем осторожно сдвинуть все с тарелки на раскаленную сковороду таким образом, чтобы яйцо оказалось внизу, а фарш — сверху.",https://s1.eda.ru/StaticContent/Photos/170304220918/210326215847/p_O.jpg,40851
8,"После того, как яичная основа подрумянится, перевернуть бризоль и жарить до готовности. Аналогично приготовить и остальные бризоли.",https://s1.eda.ru/StaticContent/Photos/170304220918/210326215850/p_O.jpg,40851
9,У веточки петрушки оторвать листья и измельчить их.,https://s1.eda.ru/StaticContent/Photos/170304220918/210326215853/p_O.jpg,40851
10,"Подавать, свернув пополам и посыпав зеленью. Внутрь бризоля можно положить начинку, например, обжаренные грибы или овощи.",https://s1.eda.ru/StaticContent/Photos/170304220918/210326215856/p_O.jpg,40851
1,"Нарезать хлеб, выложить на противень и подсушить в духовке минут 5 при 180 градусах. Сухари натереть чесноком и положить на дно глубокого сотейника.",https://s1.eda.ru/StaticContent/Photos/110816121851/170315163416/p_O.png,29846
2,"Залить хлеб протертыми помидорами, добавить сахар и овощной бульон.",https://s1.eda.ru/StaticContent/Photos/110816121851/1703151634160/p_O.png,29846
3,Варить на медленном огне до полной потери хлебом своей сущности.,https://s1.eda.ru/StaticContent/Photos/110816121851/1703151634161/p_O.png,29846
4,"Добавить мелко нарубленный базилик. Подавать, украсив оливковым маслом и листьями базилика.",https://s1.eda.ru/StaticContent/Photos/110816121851/170315163417/p_O.png,29846
1,"В пропущенный через мясорубку творог положить 2 столовые ложки растительного масла, взбитое с сахаром яйцо, манную крупу, 1/2 чайной ложки соли, ванилин.",,15217
2,"Все это тщательно перемешать деревянной лопаточкой, добавив очищенный и промытый изюм.",,15217
3,"После этого творожную массу выложить на смазанную маслом и посыпанную толчеными сухарями сковороду или в неглубокую кастрюлю, разровнять поверхность, смазать сметаной, сбрызнуть маслом и запекать в горячем духовом шкафу в течение 25–30 минут. На стол запеканку подают горячей с сиропом или со сметаной.",,15217
1,"Питу полить оливковым маслом и поджарить в духовке в течение пяти минут при 200 градусах. Когда она остынет, поломать на мелкие кусочки.",https://s1.eda.ru/StaticContent/Photos/120213175333/180412180616/p_O.jpg,50259
2,"Огурцы нарезать крупным кубиком, так же поступить с помидорами. Редис нарезать тонкими кольцами.",https://s1.eda.ru/StaticContent/Photos/120213175333/1804121806160/p_O.jpg,50259
3,"Измельчить мяту и петрушку, романо нарезать крупно. Перемешать овощи и зелень.",https://s1.eda.ru/StaticContent/Photos/120213175333/180412180617/p_O.jpg,50259
4,"Для заправки смешать 50 мл масла, сок половины лимона, сумах и чеснок, пропущенный через пресс.",https://s1.eda.ru/StaticContent/Photos/120213175333/1804121806170/p_O.jpg,50259
5,"Смешать салат, заправку, питу и сумах.",https://s1.eda.ru/StaticContent/Photos/120213175333/180412180618/p_O.jpg,50259
1,"Бананы размять в кашу и перемешать с маслом, яйцами и сахаром. Затем добавить муку и соду, влить молоко.",,16879
2, Выпекать 30 минут при 200 градусах.,,16879
1,"Картофель очистить и нарезать небольшим кубиком, положить в кастрюлю, залить 1,5 литра воды, довести до кипения и варить 15 минут.",https://s1.eda.ru/StaticContent/Photos/121124234750/190416121253/p_O.jpg,126416
2,"Лук и морковь нарезать мелким кубиком. На сковороде разогреть растительное масло, обжарить лук в течение 2–3 минут до прозрачности, затем добавить морковь и пассеровать еще 5–7 минут.",https://s1.eda.ru/StaticContent/Photos/121124234750/190416121254/p_O.jpg,126416
3,"Добавить овощи в кастрюлю к картошке, туда же добавить сырок, нарезанный кубиком, и мешать до растворения сыра. Посолить и поперчить по вкусу. Подавать, посыпав измельченным укропом.",https://s1.eda.ru/StaticContent/Photos/121124234750/190416121255/p_O.jpg,126416
1,Подготовить все ингредиенты. ,,16207
2,Сырой картофель и лук натереть на мелкой терке.,,16207
3,"Добавить соль, муку и яйца. ",,16207
4,Жарить на растительном масле с обеих сторон. ,,16207
5,Готово к подаче!,,16207
1,"Куриную грудку вымыть, дать воде стечь, порезать на брусочки размером с палец.",,38558
2,"Лук очистить, нарезать на брусочки по направлению волокон.",,38558
3,"Перец болгарский помыть, нарезать соломкой.",,38558
4,"Морковь вымыть, очистить, нашинковать не тонкими кольцами.",,38558
5,"Разогреть сковороду, вылить в нее оливковое масло. После того, как масло нагреется, бросить в него кусочки куриной грудки. Обжаривать при непрерывном помешивании 2–3 минуты, пока мясо не станет белым и местами не зарумянится.",,38558
6,"В сковороду последовательно, с интервалом в 2–3 минуты, при непрерывном помешивании, добавить сначала морковь, затем лук, следом болгарский перец. Обжаривать 3–4 минуты на умеренном огне, не позволяя содержимому сковородки тушиться.",,38558
7,"Соединить в чашке соевый соус с сахаром до полного растворения последнего. Не добавлять сахар в соус в том случае, если соус имеет выраженный сладковатый вкус.",,38558
8,"Вылить сладкий соевый соус в сковороду, обжарив содержимое в течение 2–3 минут.",,38558
1,В разогретом масле обжарить нарезанный болгарский перец. ,,17061
2,"Добавить нарезанное кубиками куриное филе, слегка обжарить его.",,17061
3,Посолить.,,17061
4,Добавить нарезанный перец чили и консервированную в соусе чили фасоль.,,17061
5,Закрыть крышкой и тушить до готовности в течение 10 минут. ,,17061
6,Подавать с лавашом и сметаной.,,17061
